{"accuracy": [0.5958603024482727, 0.8518244624137878, 0.9125400185585022, 0.9392560124397278, 0.9543495178222656, 0.9655309915542603, 0.9710505604743958, 0.9755743741989136, 0.9792872667312622, 0.9821751117706299], "loss": [1.374183177947998, 0.4678836166858673, 0.27183955907821655, 0.18628376722335815, 0.13983719050884247, 0.10539999604225159, 0.0906422883272171, 0.07483025640249252, 0.06444251537322998, 0.05602576583623886], "val_accuracy": [0.8275097012519836, 0.9145799875259399, 0.9166856408119202, 0.9315957427024841, 0.9414978623390198, 0.9413270950317383, 0.9550990462303162, 0.9567493796348572, 0.9627817273139954, 0.9552128314971924], "val_loss": [0.5501710772514343, 0.2716688811779022, 0.25987476110458374, 0.21019260585308075, 0.18469053506851196, 0.1840643733739853, 0.1366633027791977, 0.14072754979133606, 0.1215624287724495, 0.15965348482131958]}